Image,Class,Flag,Recaptured_Probability
C:\Users\arpitasharma2\OneDrive - Deloitte (O365D)\Desktop\DIU\NMMS PHOTOS OF 10TH APRIL\New folder\10_1708005082_RC_22012034837192_2025-04-10R1042025111233.jpeg,0,Genuine,0.9999949932098389
C:\Users\arpitasharma2\OneDrive - Deloitte (O365D)\Desktop\DIU\NMMS PHOTOS OF 10TH APRIL\New folder\10_1710004041_WC_22012035247470_2025-04-10R1042025023342.jpeg,0,Genuine,0.9999244213104248
C:\Users\arpitasharma2\OneDrive - Deloitte (O365D)\Desktop\DIU\NMMS PHOTOS OF 10TH APRIL\New folder\10_1722_WC_22012035192133_2025-04-10R1042025101043.jpeg,0,Genuine,0.9911282062530518
C:\Users\arpitasharma2\OneDrive - Deloitte (O365D)\Desktop\DIU\NMMS PHOTOS OF 10TH APRIL\New folder\11_1710004041_WC_22012035247470_2025-04-10R1042025023353.jpeg,0,Genuine,0.9983616471290588
C:\Users\arpitasharma2\OneDrive - Deloitte (O365D)\Desktop\DIU\NMMS PHOTOS OF 10TH APRIL\New folder\12_1715007030_WC_22012035242521_2025-04-10R1042025111803.jpeg,0,Genuine,0.9997327923774719
C:\Users\arpitasharma2\OneDrive - Deloitte (O365D)\Desktop\DIU\NMMS PHOTOS OF 10TH APRIL\New folder\12_1722_WC_22012035192133_2025-04-10R1042025101106.jpeg,0,Genuine,0.9876921772956848
C:\Users\arpitasharma2\OneDrive - Deloitte (O365D)\Desktop\DIU\NMMS PHOTOS OF 10TH APRIL\New folder\1_1710004075_WC_22012035230693_2025-04-10R1042025043722.jpeg,0,Genuine,0.9998340606689453
C:\Users\arpitasharma2\OneDrive - Deloitte (O365D)\Desktop\DIU\NMMS PHOTOS OF 10TH APRIL\New folder\2_1710004075_WC_22012035230693_2025-04-10R1042025043729.jpeg,0,Genuine,0.9998542070388794
C:\Users\arpitasharma2\OneDrive - Deloitte (O365D)\Desktop\DIU\NMMS PHOTOS OF 10TH APRIL\New folder\3_1710004075_WC_22012035230693_2025-04-10R1042025043734.jpeg,0,Genuine,0.9998611211776733
C:\Users\arpitasharma2\OneDrive - Deloitte (O365D)\Desktop\DIU\NMMS PHOTOS OF 10TH APRIL\New folder\4_1708008010_RC_22012034833992_2025-04-10R1042025045552.jpeg,0,Genuine,0.9703417420387268
C:\Users\arpitasharma2\OneDrive - Deloitte (O365D)\Desktop\DIU\NMMS PHOTOS OF 10TH APRIL\New folder\4_1708008010_RC_22012034833992_2025-04-10R1042025093005.jpeg,0,Genuine,0.9985092282295227
C:\Users\arpitasharma2\OneDrive - Deloitte (O365D)\Desktop\DIU\NMMS PHOTOS OF 10TH APRIL\New folder\6_1704001056_RC_22012034835282_2025-04-10R1042025081811.jpeg,0,Genuine,0.9998413324356079
C:\Users\arpitasharma2\OneDrive - Deloitte (O365D)\Desktop\DIU\NMMS PHOTOS OF 10TH APRIL\New folder\6_1710004075_RC_22012034837792_2025-04-10R1042025050907.jpeg,0,Genuine,0.9998217225074768
C:\Users\arpitasharma2\OneDrive - Deloitte (O365D)\Desktop\DIU\NMMS PHOTOS OF 10TH APRIL\New folder\6_1726006129_WH_22012034941649_2025-04-10R1042025065234.jpeg,0,Genuine,0.9989871382713318
C:\Users\arpitasharma2\OneDrive - Deloitte (O365D)\Desktop\DIU\NMMS PHOTOS OF 10TH APRIL\New folder\7_1704002102_RC_22012034839117_2025-04-10R1042025081228.jpeg,0,Genuine,0.9994156360626221
C:\Users\arpitasharma2\OneDrive - Deloitte (O365D)\Desktop\DIU\NMMS PHOTOS OF 10TH APRIL\New folder\8_1704002102_RC_22012034839117_2025-04-10R1042025081235.jpeg,0,Genuine,0.9994539618492126
C:\Users\arpitasharma2\OneDrive - Deloitte (O365D)\Desktop\DIU\NMMS PHOTOS OF 10TH APRIL\New folder\9_1708005082_RC_22012034837192_2025-04-10R1042025111327.jpeg,0,Genuine,0.9999442100524902
